{
  "before": {
    "cr_reg": 1.0,
    "q_peak": 1.0000000000000002,
    "q_integral": 32133.555410875,
    "peak_segment_count": 260
  },
  "after": {
    "cr_reg": 1.0,
    "q_peak": 1.0000000000000002,
    "q_integral": 31640.0474564575,
    "peak_segment_count": 246
  }
}